formula,ehull,hform,gap_pbe,magnetic,layergroup,uid,gap_gw,gap_dir_gw,E_B,gap_dir_pbe
Tl2Br2,0.115,-0.764,2.413,No,p4/nmm,Br2Tl2-495c0ec26ef4,,,1.307,2.502
As4,0.042,0.042,0.835,No,pman,As4-ff6eb167410f,1.797,1.837,0.566,0.886
C2F2,0.285,-0.912,3.165,No,p-3m1,C2F2-02ae369021e9,7.198,7.198,1.940,3.165
H2C2,0.004,-0.134,3.460,No,p-3m1,C2H2-1b265530a869,6.416,6.416,1.387,3.460
P4,0.039,0.039,0.903,No,pman,P4-276f0a298324,2.025,2.025,0.624,0.903
TiBr2,0.033,-1.145,0.758,No,p-6m2,TiBr2-57116f9a9a4e,1.421,1.649,0.591,0.929
TiCl2,0.007,-1.537,0.903,No,p-6m2,TiCl2-95688ba68ca1,1.636,1.854,0.826,1.182
TiI2,0.052,-0.670,0.596,No,p-6m2,TiI2-088e8488f895,1.090,1.331,0.444,0.616
TiO2,0.135,-2.945,2.701,No,p-3m1,TiO2-08ea3807f888,5.752,5.973,1.536,2.870
Cs2Cl2,0.141,-1.853,4.460,No,p4/nmm,Cl2Cs2-e85b67045b23,,,1.829,4.460
TiO2,0.587,-2.493,1.195,No,p-6m2,TiO2-1cfb690281c9,3.915,3.994,1.807,1.354
Cu2Cl2,0.080,-0.371,1.447,No,p4/nmm,Cl2Cu2-820b7699bd43,3.448,3.448,1.581,1.447
TiS2,0.145,-1.164,0.734,No,p-6m2,TiS2-65d41aaec667,2.208,2.663,0.977,1.002
TiSe2,0.126,-1.005,0.522,No,p-6m2,TiSe2-509ef368050d,1.481,2.174,0.716,0.867
In2Cl2,0.133,-0.709,2.298,No,p4/nmm,Cl2In2-9669b3269d2d,,,1.799,2.314
K2Cl2,0.147,-1.836,4.882,No,p4/nmm,Cl2K2-85e2702c201b,,,2.573,4.893
VBr2,0.000,-0.863,1.252,Yes,p-3m1,VBr2-606bfb261671,3.350,3.514,3.292,1.302
VCl2,0.000,-1.174,1.354,Yes,p-3m1,VCl2-1ccb0b28392d,3.459,3.561,3.827,1.413
VI2,0.000,-0.490,1.202,Yes,p-3m1,VI2-d480b343c982,,,2.566,1.221
Rb2Cl2,0.146,-1.823,4.651,No,p4/nmm,Cl2Rb2-c867862764fc,,,2.318,4.651
VSe2,0.000,-0.708,0.248,Yes,p-6m2,VSe2-8535e643c6c5,0.179,0.779,0.484,0.678
VTe2,0.016,-0.307,0.212,Yes,p-6m2,VTe2-45a0c1470922,4.001,4.759,0.415,0.464
WO2,0.000,-2.017,1.340,No,p-6m2,WO2-94cfbb3f9284,2.706,3.011,0.748,1.686
WS2,0.000,-0.874,1.534,No,p-6m2,WS2-64090c9845f8,2.532,2.532,0.516,1.534
WSe2,0.000,-0.594,1.238,No,p-6m2,WSe2-1cfbe6183886,2.104,2.127,0.480,1.238
WTe2,0.026,-0.109,0.727,No,p-6m2,WTe2-3c87365bc48c,1.377,1.377,0.420,0.727
YBr2,0.016,-1.729,0.344,Yes,p-6m2,YBr2-32aac6e20434,1.574,2.283,0.536,0.916
YCl2,0.046,-2.048,0.374,Yes,p-6m2,YCl2-097c5f54659a,1.852,2.653,0.673,1.054
YI2,0.003,-1.305,0.142,Yes,p-6m2,YI2-ed68c71a1964,,,0.349,0.688
ZnBr2,0.080,-0.843,3.353,No,p-3m1,ZnBr2-88424f85cf2b,5.864,5.864,1.444,3.381
ZnBr2,0.249,-0.674,2.411,No,p-6m2,ZnBr2-553cb6a56984,4.742,4.742,1.124,2.411
ZnCl2,0.062,-1.107,4.453,No,p-3m1,ZnCl2-29e6de323923,7.439,7.439,1.991,4.453
ZnCl2,0.236,-0.933,3.434,No,p-6m2,ZnCl2-62c6ee7a0a25,6.241,6.241,1.635,3.434
Cr2O2,0.756,-0.875,0.000,Yes,p4/nmm,Cr2O2-a424e065cefb,,,0.035,0.000
ZnI2,0.124,-0.491,1.749,No,p-3m1,ZnI2-69f5f8718ba5,3.584,3.996,0.961,2.110
ZnI2,0.305,-0.311,0.898,No,p-6m2,ZnI2-701e1fc14b22,2.668,3.253,0.947,1.508
ZrBr2,0.000,-1.339,0.828,No,p-6m2,ZrBr2-7897c7cc2491,1.737,2.349,0.827,1.476
Cs2F2,0.121,-2.599,4.151,No,p4/nmm,Cs2F2-fd11b1cd0dc1,,,2.090,4.151
ZrCl2,0.000,-1.705,0.981,No,p-6m2,ZrCl2-dc09b7c396eb,1.993,2.564,0.909,1.580
Cu2I2,0.008,-0.158,1.865,No,p4/nmm,Cu2I2-48470661aab1,3.504,3.504,0.916,1.865
ZrI2,0.029,-0.881,0.687,No,p-6m2,ZrI2-9c024b5a2e89,1.428,2.020,0.644,1.269
Cu2S2,0.127,-0.086,0.624,No,p2/m11,Cu2S2-ed5f6e977271,1.584,2.009,0.949,1.082
ZrO2,0.217,-3.299,4.448,No,p-3m1,ZrO2-f09f2879d995,7.722,7.947,2.104,4.689
ZrO2,0.766,-2.749,1.690,No,p-6m2,ZrO2-24a8929c68ce,4.435,4.517,2.028,1.811
ZrS2,0.000,-1.585,1.159,No,p-3m1,ZrS2-8913f4e54692,2.885,3.577,0.633,1.643
ZrS2,0.190,-1.396,0.965,No,p-6m2,ZrS2-1a039e022308,2.748,2.994,1.184,1.145
Cu2Se2,0.101,-0.040,0.447,No,p2/m11,Cu2Se2-0fb3eda814f3,,,0.859,0.977
ZrSe2,0.000,-1.367,0.337,No,p-3m1,ZrSe2-7dc2a0a57b42,1.691,2.471,0.381,0.954
ZrSe2,0.144,-1.223,0.739,No,p-6m2,ZrSe2-f17029facf63,2.183,2.457,0.919,1.007
ZrTe2,0.110,-0.787,0.259,No,p-6m2,ZrTe2-f7ad606317e6,0.906,1.374,0.422,0.541
Ge2F2,0.159,-1.467,0.118,No,p-3m1,F2Ge2-aac9cc861c7f,0.350,0.350,-0.024,0.149
K2F2,0.147,-2.657,4.964,No,p4/nmm,F2K2-1a3c550a375a,,,2.386,4.964
Rb2F2,0.135,-2.599,4.557,No,p4/nmm,F2Rb2-b58f604cba62,,,2.344,4.557
Si2F2,0.181,-1.767,0.666,No,p-3m1,F2Si2-aa042bf2fe06,2.333,2.333,0.727,0.666
Sn2F2,0.304,-1.460,0.316,No,p-3m1,F2Sn2-327ecc5b4be0,,,0.328,0.413
Cd2S4,0.292,-0.152,1.520,No,p2_1/b11,Cd2S4-04d0ed1bbce6,,,1.589,1.736
Ga2I2,0.115,-0.253,1.786,No,p4/nmm,Ga2I2-996fda50f076,,,1.345,2.327
Ga2O2,0.060,-1.450,1.556,No,p-6m2,Ga2O2-16c96094d1a0,3.851,4.388,1.288,2.067
Ga2S2,0.000,-0.664,2.321,No,p-6m2,Ga2S2-ac002f4ce724,4.084,4.324,0.873,2.426
Ga2Se2,0.000,-0.601,1.765,No,p-6m2,Ga2Se2-394e5709a3ac,3.445,3.524,0.636,1.844
Ga2Te2,0.002,-0.372,1.297,No,p-6m2,Ga2Te2-55c23ca88a05,2.617,2.859,0.454,1.487
Ge2H2,0.082,0.082,0.920,No,p-3m1,Ge2H2-c6017e131897,2.353,2.353,0.385,0.920
Ge2S2,0.036,-0.246,1.714,No,pm2_1n,Ge2S2-ecbb7c185669,3.030,3.322,0.944,1.878
Ge2Se2,0.063,-0.205,1.121,No,pm2_1n,Ge2Se2-9b75762d0ef6,1.861,1.861,0.436,1.142
Ge2Te2,0.060,-0.039,0.815,No,pm2_1n,Ge2Te2-3b5fa8791e0d,1.286,1.361,0.464,0.872
Si2H2,0.005,0.005,2.171,No,p-3m1,H2Si2-8d6b4834e8cd,3.833,3.976,0.723,2.299
Sn2H2,0.171,0.171,0.236,No,p-3m1,H2Sn2-2d3c4b88b3c3,1.043,1.043,0.288,0.236
Mo2S4,1.022,0.101,0.133,Yes,p4/mbm,Mo2S4-b1aa62ba3954,,,0.427,0.174
Ni2S4,0.035,-0.265,0.824,No,p2_1/b11,Ni2S4-f295a651d590,,,1.130,1.227
Ni2Se4,0.067,-0.191,1.015,No,p2_1/b11,Ni2Se4-d3aef0ef49cc,,,0.881,1.085
In2I2,0.125,-0.363,1.787,No,p4/nmm,I2In2-3e7cf76994f4,,,1.197,2.095
K2I2,0.134,-1.385,3.885,No,p4/nmm,I2K2-5a28480fd516,,,1.709,3.885
Pb2Se4,0.162,-0.226,0.728,No,c2/m11,Pb2Se4-129ec20b7c07,,,0.629,0.728
Pd2S4,0.002,-0.294,1.120,No,p2_1/b11,Pd2S4-b53de4491ef5,,,1.113,1.611
Pd2Se4,0.004,-0.287,1.313,No,p2_1/b11,Pd2Se4-12f02221b8c5,,,0.891,1.445
Rb2I2,0.137,-1.397,3.714,No,p4/nmm,I2Rb2-11be6212a512,,,1.629,3.714
Pt2S4,0.050,-0.345,1.802,No,p2_1/b11,Pt2S4-216f8f2dd8c1,,,0.986,1.857
Pt2Se4,0.103,-0.310,1.441,No,p2_1/b11,Pt2Se4-60c67ebd5bd2,,,0.837,1.560
Tl2I2,0.115,-0.562,2.063,No,p4/nmm,I2Tl2-4dec0d273348,,,1.193,2.321
In2O2,0.208,-1.140,0.385,No,p-6m2,In2O2-d14171d2ba1a,1.867,2.587,1.063,1.137
In2S2,0.000,-0.556,1.675,No,p-6m2,In2S2-172ef584c4a6,3.149,3.224,0.849,1.758
In2Se2,0.000,-0.538,1.404,No,p-6m2,In2Se2-eb204c739879,2.740,2.775,0.667,1.448
In2Te2,0.000,-0.350,1.233,No,p-6m2,In2Te2-fcd97ff5abcd,2.362,2.362,0.472,1.237
Ir2O2,0.510,-0.162,0.122,No,p-6m2,Ir2O2-06ebe3806790,0.234,0.301,0.339,0.181
Ir2S2,0.305,-0.047,0.297,No,p-6m2,Ir2S2-dd6289af8e01,0.108,0.108,0.359,0.297
Zn2S4,0.361,-0.192,1.693,No,p2_1/b11,Zn2S4-b7597244c206,,,1.803,1.982
Zn2Se4,0.316,-0.163,1.382,No,p2_1/b11,Zn2Se4-5234a9f6507a,,,1.467,1.506
CrBiAs,0.461,0.314,0.028,No,p3m1,AsBiCr-b299416bff28,,,0.269,0.054
Pb2O2,0.506,-0.657,0.242,No,p4/nmm,O2Pb2-5491391bc7ab,,,0.601,0.304
AsSBr,0.028,-0.256,1.387,No,p3m1,AsBrS-1dcd471c2288,2.514,2.960,0.803,1.813
AsSBr,0.195,-0.088,1.417,No,p3m1,AsBrS-d9f4d4011670,2.511,2.988,0.742,1.857
AsSeBr,0.000,-0.294,1.228,No,p3m1,AsBrSe-989f469f06bd,2.274,2.721,0.717,1.667
Rh2O2,0.246,-0.381,0.067,No,p-6m2,O2Rh2-740bf2751050,,,0.279,0.067
AsTeBr,0.000,-0.245,1.237,No,p3m1,AsBrTe-64921449e408,2.227,2.637,0.585,1.640
AsTeBr,0.163,-0.082,1.064,No,p3m1,AsBrTe-671e6de2497a,1.963,2.355,0.527,1.435
AsSeBr,0.161,-0.134,1.497,No,p3m1,AsBrSe-206b9dcf2af6,2.503,2.727,0.665,1.708
AsSCl,0.047,-0.352,1.535,No,p3m1,AsClS-afd0d75a82a2,2.794,3.270,0.947,2.016
AsSCl,0.215,-0.184,1.731,No,p3m1,AsClS-0fd6ab210774,2.933,3.364,1.009,2.173
AsSeCl,0.005,-0.382,1.373,No,p3m1,AsClSe-1a3be826b3e0,2.561,3.067,0.791,1.855
AsSeCl,0.172,-0.215,1.717,No,p3m1,AsClSe-df329350eef2,2.824,3.122,0.817,1.983
AsTeCl,0.009,-0.322,1.479,No,p3m1,AsClTe-4fd8ad708fb0,2.596,2.819,0.492,1.745
AsTeCl,0.186,-0.145,1.289,No,p3m1,AsClTe-fba4cc0df459,2.203,2.703,0.609,1.697
Sc2O2,0.249,-2.764,0.700,No,p-6m2,O2Sc2-b757b8efeeab,1.355,1.355,0.640,0.705
AsSI,0.079,-0.108,1.336,No,p3m1,AsIS-b13beafa16aa,2.356,2.358,0.466,1.366
AsSI,0.271,0.084,0.222,No,p3m1,AsIS-e23390b66883,1.095,1.585,0.355,0.677
AsSeI,0.019,-0.160,1.151,No,p3m1,AsISe-5d829e480507,2.030,2.214,0.510,1.301
AsSeI,0.193,0.014,0.446,No,p3m1,AsISe-ca926a42865b,1.300,1.573,0.355,0.690
AsTeI,0.000,-0.124,0.982,No,p3m1,AsITe-b6d803aafe3a,1.795,2.086,0.475,1.215
AsTeI,0.162,0.038,0.329,No,p3m1,AsITe-114b3382699c,1.091,1.419,0.348,0.589
W2O2,0.503,-1.009,0.053,No,p-6m2,O2W2-42fa50003592,,,0.313,0.086
BiSBr,0.009,-0.557,0.891,No,p3m1,BiBrS-49b7be14f786,2.335,2.515,0.822,1.145
BiSBr,0.124,-0.442,1.188,No,p3m1,BiBrS-3b305c3e2c18,2.666,2.908,0.771,1.487
BiSeBr,0.000,-0.583,0.733,No,p3m1,BiBrSe-de5756e4fbfa,2.010,2.153,0.714,0.880
BiSeBr,0.111,-0.471,1.020,No,p3m1,BiBrSe-11db0908d9ef,2.351,2.544,0.850,1.244
BiTeBr,0.000,-0.504,0.591,No,p3m1,BiBrTe-304bc6a92d82,1.690,1.697,0.491,0.622
BiTeBr,0.117,-0.387,0.529,No,p3m1,BiBrTe-f4f45fcade85,1.632,1.632,0.457,0.529
Pb2S2,0.054,-0.514,1.162,No,p4/nmm,Pb2S2-d4ed2cd9ee0c,2.225,2.226,0.571,1.163
BiSCl,0.130,-0.538,1.430,No,p3m1,BiClS-99fd027b1d0b,2.980,3.206,0.918,1.688
Pb2S2,0.325,-0.243,0.170,No,p4/nmm,Pb2S2-63439e4f4178,,,0.637,0.854
Pb2S2,0.408,-0.160,0.422,No,p4/mmm,Pb2S2-5995ac9fd69f,,,0.233,0.437
BiTeCl,0.010,-0.598,0.599,No,p3m1,BiClTe-968a6902b7f5,1.736,1.736,0.464,0.599
BiTeCl,0.139,-0.468,0.531,No,p3m1,BiClTe-badda86cab42,1.676,1.676,0.464,0.531
Pb2Se2,0.072,-0.510,0.789,No,p4/nmm,Pb2Se2-f615d3b872f4,1.623,1.626,0.541,0.792
BiSeCl,0.000,-0.681,0.851,No,p3m1,BiClSe-a80866a2c6b4,2.202,2.370,0.731,0.959
BiSCl,0.010,-0.658,1.002,No,p3m1,BiClS-c96ef4fc869c,2.527,2.679,0.788,1.178
Pb2Se2,0.415,-0.167,0.478,No,p4/mmm,Pb2Se2-10f26d33197a,,,0.269,0.512
BiSeCl,0.119,-0.561,1.235,No,p3m1,BiClSe-7fe9c5cb910c,2.612,2.708,0.897,1.340
Pb2Te2,0.075,-0.346,0.445,No,p4/nmm,Pb2Te2-fdc4a7cc1d0d,1.246,1.246,0.442,0.446
Pb2Te2,0.260,-0.161,0.050,No,p4/nmm,Pb2Te2-538c4ff6b6b4,,,0.717,0.467
Pb2Te2,0.429,0.008,0.271,No,p4/mmm,Pb2Te2-dd0dba21843d,,,0.322,0.411
BiSI,0.014,-0.412,0.777,No,p3m1,BiIS-acdcd16c0d76,2.042,2.175,0.581,0.827
BiSI,0.140,-0.287,0.401,No,p3m1,BiIS-40034665f9f1,1.733,1.738,0.504,0.435
BiSeI,0.000,-0.443,0.607,No,p3m1,BiISe-70cbc0e44d36,1.772,1.888,0.674,0.771
BiSeI,0.114,-0.328,0.433,No,p3m1,BiISe-433f707c632c,1.687,1.687,0.504,0.471
BiTeI,0.003,-0.371,0.412,No,p3m1,BiITe-2d41b3dd1772,1.419,1.563,0.495,0.549
BiTeI,0.113,-0.261,0.346,No,p3m1,BiITe-a84d988e38ac,1.402,1.402,0.468,0.349
HfBrCl,0.018,-1.337,0.832,No,p3m1,BrClHf-72257f9ad66d,1.926,2.718,0.845,1.632
TiBrCl,0.035,-1.326,0.830,No,p3m1,BrClTi-d3f135b9cf41,1.473,1.651,0.687,1.046
VBrCl,0.011,-1.009,1.289,Yes,p3m1,BrClV-878148656c6a,,,3.585,1.342
ZrBrCl,0.010,-1.512,0.912,No,p3m1,BrClZr-8cb69386d06b,1.878,2.446,0.873,1.523
Rh2Se2,0.164,-0.164,0.101,No,p-6m2,Rh2Se2-1a46a7cf8fab,0.310,0.310,0.321,0.574
HfIBr,0.089,-0.887,0.713,No,p3m1,BrHfI-836a1091409d,1.612,2.304,0.700,1.424
TiIBr,0.073,-0.877,0.679,No,p3m1,BrITi-233dbbf8f473,1.198,1.209,0.498,0.753
VIBr,0.020,-0.657,1.188,Yes,p3m1,BrIV-2da05db34435,,,2.937,1.231
Sc2S2,0.627,-1.273,0.414,No,p-6m2,S2Sc2-e9d256b367c7,1.004,1.069,0.397,0.418
ZrIBr,0.039,-1.086,0.774,No,p3m1,BrIZr-28c61999c692,1.590,2.183,0.760,1.399
Si2S2,0.446,-0.056,1.417,No,pm2_1n,S2Si2-0726c763a59a,2.884,3.039,0.909,1.549
Sn2S2,0.043,-0.415,1.414,No,pm2_1n,S2Sn2-7a8373382b33,2.503,2.665,0.589,1.587
Sn2S2,0.433,-0.025,0.067,No,p4/mmm,S2Sn2-b8e2ee0faa87,,,0.343,0.121
SbSBr,0.054,-0.415,1.217,No,p3m1,BrSSb-4da5c6be60db,2.419,2.812,0.882,1.647
SbSBr,0.183,-0.287,1.426,No,p3m1,BrSSb-4ae37f15e1fe,2.607,3.118,1.059,1.946
SbSeBr,0.000,-0.444,1.069,No,p3m1,BrSbSe-89b15ddef41d,2.164,2.522,0.762,1.413
SbSeBr,0.124,-0.320,1.464,No,p3m1,BrSbSe-c2a344b393f0,2.572,2.903,0.905,1.786
SbTeBr,0.000,-0.377,1.052,No,p3m1,BrSbTe-18e62ba75259,2.070,2.402,0.553,1.351
SbTeBr,0.130,-0.247,1.319,No,p3m1,BrSbTe-f1e78a09001d,2.253,2.460,0.574,1.469
Tl2S2,0.119,-0.145,0.673,No,p-6m2,S2Tl2-751e767bff79,1.644,1.719,0.726,0.749
V2S2,0.534,-0.428,0.214,No,p-6m2,S2V2-605c732d5111,0.366,0.366,0.393,0.326
HfICl,0.140,-1.032,0.814,No,p3m1,ClHfI-d3756ea15451,1.783,2.419,0.739,1.460
TiICl,0.118,-1.015,0.745,No,p3m1,ClITi-ae06e7424bb1,1.383,1.557,0.562,0.842
VICl,0.057,-0.775,1.100,Yes,p3m1,ClIV-9f3e8b6323b9,,,3.140,1.141
ZrICl,0.080,-1.228,0.877,No,p3m1,ClIZr-73202b4b7837,1.744,2.271,0.800,1.433
Sc2Se2,0.548,-1.049,0.400,No,p-6m2,Sc2Se2-9fb15588e4d4,0.851,1.021,0.400,0.409
Sc2Te2,0.614,-0.565,0.291,No,p-6m2,Sc2Te2-c3cac8e74dc1,0.556,0.805,0.413,0.346
Si2Se2,0.402,0.064,1.195,No,pm2_1n,Se2Si2-aa0e94e8944e,2.438,2.755,0.806,1.523
Sn2Se2,0.043,-0.389,0.923,No,pm2_1n,Se2Sn2-95443c1cf2fb,1.629,1.643,0.444,0.987
SbSCl,0.037,-0.511,1.316,No,p3m1,ClSSb-9188c300265c,2.643,3.028,0.964,1.707
SbSCl,0.169,-0.379,1.669,No,p3m1,ClSSb-0495f35048b5,2.948,3.345,1.252,2.107
Sn2Se2,0.407,-0.025,0.084,No,p4/mmm,Se2Sn2-5236d993e815,,,0.305,0.149
SbSeCl,0.004,-0.537,1.172,No,p3m1,ClSbSe-0c0fbdaf8f4a,2.404,2.778,0.791,1.507
SbSeCl,0.136,-0.405,1.674,No,p3m1,ClSbSe-f705a30af945,2.856,3.169,1.094,1.994
SbTeCl,0.000,-0.466,1.255,No,p3m1,ClSbTe-da5fd2bb47af,2.382,2.570,0.569,1.482
SbTeCl,0.145,-0.322,1.394,No,p3m1,ClSbTe-04fdd7d1ec5c,2.350,2.582,0.566,1.545
CrSeS,0.010,-0.569,0.782,No,p3m1,CrSSe-09e1e5ef94cb,1.294,1.294,0.508,0.782
Tl2Se2,0.076,-0.196,0.494,No,p-6m2,Se2Tl2-625697b299d1,1.322,1.374,0.545,0.549
CrTeS,0.161,-0.318,0.261,No,p3m1,CrSTe-8a0864d30ce1,0.697,1.006,0.481,0.666
CrTeSe,0.111,-0.270,0.572,No,p3m1,CrSeTe-5d9d3ded04de,0.974,0.974,0.448,0.572
V2Se2,0.420,-0.218,0.257,No,p-6m2,Se2V2-9cf30bd127fe,0.572,0.617,0.510,0.379
Zr2Se2,0.484,-0.726,0.059,No,p-6m2,Se2Zr2-f89b20d72c95,,,0.433,0.562
Si2Te2,0.289,0.251,0.388,No,pm2_1n,Si2Te2-0864146ccb4e,0.772,0.992,0.484,0.518
Sn2Te2,0.063,-0.215,0.603,No,pm2_1n,Sn2Te2-03bcf7dcdaf2,1.009,1.032,0.352,0.628
Sn2Te2,0.435,0.157,0.028,No,p4/mmm,Sn2Te2-f781c3e79c56,,,0.284,0.031
HfSeS,0.003,-1.471,0.684,No,p3m1,HfSSe-63618e5bf062,2.175,2.596,0.482,1.421
Ti2Te2,0.610,-0.097,0.217,No,p-6m2,Te2Ti2-b43c14735d8e,0.411,0.464,0.348,0.383
HfSeS,0.196,-1.278,0.887,No,p3m1,HfSSe-9afb20358166,2.175,2.596,1.021,1.167
Tl2Te2,0.137,-0.089,0.339,No,p-6m2,Te2Tl2-73117163f0e2,,,0.367,0.380
HfTeSe,0.149,-0.941,0.142,No,p3m1,HfSeTe-305c779b8752,0.738,1.457,0.486,0.649
V2Te2,0.490,0.185,0.224,No,p-6m2,Te2V2-5da53e6996e3,0.547,0.624,0.535,0.347
SbSI,0.058,-0.278,1.219,No,p3m1,ISSb-5b94060698bc,2.260,2.457,0.752,1.485
SbSI,0.202,-0.135,0.794,No,p3m1,ISSb-4c49d27e66e5,1.809,2.242,0.424,1.168
SbSeI,0.019,-0.312,1.012,No,p3m1,ISbSe-df0019ec24b5,1.994,2.207,0.645,1.262
SbSeI,0.149,-0.183,1.007,No,p3m1,ISbSe-343d2125478e,1.968,2.179,0.473,1.168
SbTeI,0.000,-0.250,0.838,No,p3m1,ISbTe-0f02957b17cf,1.676,1.941,0.494,1.089
SbTeI,0.123,-0.128,1.011,No,p3m1,ISbTe-052a3116531d,1.778,1.917,0.386,1.016
Zr2Te2,0.624,-0.297,0.452,No,p-6m2,Te2Zr2-8912432cb37b,0.738,0.823,0.360,0.549
MoSeS,0.009,-0.805,1.453,No,p3m1,MoSSe-de7ac5fc6945,2.328,2.361,0.527,1.453
MoTeS,0.065,-0.546,0.992,No,p3m1,MoSTe-e4bb8738150a,1.988,2.055,0.509,1.274
MoTeS,0.223,-0.388,0.204,No,p3m1,MoSTe-2ea941c8bc3c,,,0.311,0.366
MoTeSe,0.025,-0.479,1.136,No,p3m1,MoSeTe-42eb12e7b656,1.844,1.882,0.475,1.136
TiSeS,0.128,-1.096,0.505,No,p3m1,SSeTi-358305cad463,1.333,2.139,0.690,0.905
WSeS,0.010,-0.724,1.402,No,p3m1,SSeW-001e03f2c095,2.314,2.326,0.507,1.402
ZrSeS,0.000,-1.478,0.613,No,p3m1,SSeZr-1a9901838600,2.206,2.584,0.443,1.136
ZrSeS,0.163,-1.315,0.829,No,p3m1,SSeZr-2be14f373da0,2.206,2.584,0.977,1.072
WTeS,0.086,-0.419,1.141,No,p3m1,STeW-75ee10091f43,2.065,2.065,0.502,1.263
WTeS,0.266,-0.238,0.202,No,p3m1,STeW-916afba26723,,,0.304,0.364
ZrTeS,0.122,-1.120,0.208,No,p3m1,STeZr-3f3c7bc0ce7d,0.735,1.429,0.472,0.641
VTeSe,0.013,-0.502,0.120,Yes,p3m1,SeTeV-716e51e45afe,,,0.462,0.597
WTeSe,0.042,-0.324,1.037,No,p3m1,SeTeW-6e2a4c6f4f57,1.800,1.800,0.455,1.037
ZrTeSe,0.115,-1.017,0.262,No,p3m1,SeTeZr-dd69b684c867,0.895,1.495,0.471,0.632
BaBr2,0.056,-2.210,4.902,No,p-3m1,BaBr2-74dc20d8f1ff,,,1.850,4.920
BaBr2,0.167,-2.099,4.157,No,p-6m2,BaBr2-1a59eff92917,7.284,7.307,2.239,4.211
BaCl2,0.108,-2.503,5.618,No,p-3m1,BaCl2-00a09165a480,9.207,9.261,2.236,5.686
BaCl2,0.241,-2.370,4.747,No,p-6m2,BaCl2-54ec344f88a7,8.184,8.205,2.588,4.781
BaI2,0.021,-1.816,3.873,No,p-3m1,BaI2-080cc67ae6c9,,,1.556,4.082
BaI2,0.105,-1.732,3.332,No,p-6m2,BaI2-c4707a226b8f,,,1.724,3.397
CaBr2,0.000,-2.094,4.863,No,p-3m1,CaBr2-819000a41305,8.458,8.458,1.980,5.083
CaBr2,0.129,-1.965,4.128,No,p-6m2,CaBr2-fbb623b6f288,7.587,7.587,2.172,4.157
CaCl2,0.010,-2.421,5.784,No,p-3m1,CaCl2-643810e6bb76,9.883,9.961,2.563,6.015
CaCl2,0.164,-2.267,4.771,No,p-6m2,CaCl2-3ca106221b9b,8.830,8.925,2.603,4.771
CaI2,0.000,-1.666,3.537,No,p-3m1,CaI2-ee886d522d75,6.920,7.189,1.514,4.111
CaI2,0.108,-1.559,2.946,No,p-6m2,CaI2-066f40f26c53,5.912,6.173,1.593,3.281
CdBr2,0.000,-0.903,3.069,No,p-3m1,CdBr2-5acf0d634aa9,5.484,5.484,1.282,3.069
CdBr2,0.121,-0.782,2.369,No,p-6m2,CdBr2-a7bb757c6234,4.648,4.648,1.123,2.369
CdCl2,0.000,-1.117,3.868,No,p-3m1,CdCl2-3861891e1b05,6.723,6.723,1.718,3.868
CdCl2,0.130,-0.988,3.098,No,p-6m2,CdCl2-46c028e03e8b,5.816,5.816,1.618,3.129
CdI2,0.030,-0.600,2.136,No,p-3m1,CdI2-b474b300c0f6,4.037,4.332,1.135,2.409
CdI2,0.159,-0.471,1.490,No,p-6m2,CdI2-66c5fba8ad87,3.331,3.445,0.873,1.678
CoBr2,0.023,-0.338,0.348,Yes,p-3m1,CoBr2-02049cf3cf55,1.401,1.504,2.211,0.389
CoCl2,0.021,-0.603,0.351,Yes,p-3m1,CoCl2-cb7655063dfe,,,2.383,0.354
CrO2,0.168,-1.693,0.416,No,p-6m2,CrO2-2433700165bb,1.230,2.217,0.776,1.514
CrS2,0.000,-0.673,0.877,No,p-6m2,CrS2-c5ee5e35d2b4,1.448,1.448,0.534,0.877
CrSe2,0.000,-0.486,0.685,No,p-6m2,CrSe2-9a6ff6a3c41a,1.165,1.165,0.479,0.685
CrTe2,0.108,-0.106,0.453,No,p-6m2,CrTe2-c31911a1b3f9,0.812,0.812,0.433,0.453
FeBr2,0.081,-0.383,0.263,Yes,p-6m2,FeBr2-8a7a18d48fc2,0.759,0.759,0.505,0.263
FeCl2,0.067,-0.674,0.351,Yes,p-6m2,FeCl2-a0004cbce0c5,0.921,0.991,0.584,0.351
FeI2,0.112,-0.008,0.144,Yes,p-6m2,FeI2-958162d78580,,,0.397,0.144
GeBr2,0.000,-0.608,2.301,No,p-3m1,GeBr2-a64179cfe007,4.130,4.632,1.338,2.793
GeBr2,0.112,-0.496,2.536,No,p-6m2,GeBr2-36a198743d35,4.288,4.516,1.455,2.784
GeCl2,0.118,-0.675,2.955,No,p-6m2,GeCl2-a7216f084785,4.930,5.081,1.832,3.059
GeI2,0.003,-0.360,1.954,No,p-3m1,GeI2-24970c2cdc0f,3.348,3.764,0.916,2.359
GeO2,0.078,-1.570,3.641,No,p-3m1,GeO2-630e9718ed1f,7.023,7.508,1.972,4.103
GeO2,0.639,-1.010,1.457,No,p-6m2,GeO2-77905aa4e75f,5.108,5.512,1.966,2.022
GeS2,0.123,-0.224,0.729,No,p-3m1,GeS2-6b1efcdcfd40,2.266,2.702,0.784,1.159
HfBr2,0.007,-1.157,0.732,No,p-6m2,HfBr2-84e9162c0c53,1.759,2.563,0.808,1.548
HfCl2,0.007,-1.540,0.908,No,p-6m2,HfCl2-864f8b497185,2.092,2.880,0.914,1.723
HfI2,0.114,-0.674,0.630,No,p-6m2,HfI2-05a69240794c,1.421,2.108,0.571,1.283
HfO2,0.214,-3.303,4.777,No,p-3m1,HfO2-a555d8dafaf2,7.939,8.192,2.164,4.991
HfO2,0.770,-2.747,1.928,No,p-6m2,HfO2-512afaae525a,4.700,4.784,2.198,2.041
HfS2,0.000,-1.592,1.221,No,p-3m1,HfS2-d48ddb34811e,2.938,3.832,0.731,1.946
HfS2,0.217,-1.375,1.061,No,p-6m2,HfS2-2c5e65012601,2.826,3.059,1.290,1.331
HfSe2,0.000,-1.349,0.427,No,p-3m1,HfSe2-7a708c5759cf,1.788,2.696,0.399,1.214
HfSe2,0.174,-1.175,0.812,No,p-6m2,HfSe2-d2d9fee03594,2.115,2.465,0.946,1.113
HfTe2,0.133,-0.698,0.132,No,p-6m2,HfTe2-59c0e014651d,0.809,1.412,0.439,0.585
HgBr2,0.038,-0.493,1.982,No,p-3m1,HgBr2-2af12bd12520,3.786,3.786,1.216,1.982
HgBr2,0.138,-0.393,1.573,No,p-6m2,HgBr2-9965e7e32aa2,3.299,3.299,1.034,1.573
HgCl2,0.026,-0.630,2.447,No,p-3m1,HgCl2-31f13a321b70,4.618,4.618,1.565,2.447
HgCl2,0.131,-0.526,2.084,No,p-6m2,HgCl2-6cbe2e585099,4.190,4.203,1.464,2.144
HgI2,0.077,-0.280,1.199,No,p-3m1,HgI2-efa4b9d311d3,2.594,2.878,0.980,1.467
HgI2,0.189,-0.168,0.704,No,p-6m2,HgI2-0ff7ee261fec,2.069,2.289,0.796,0.993
MgBr2,0.000,-1.532,4.588,No,p-3m1,MgBr2-702277c8c7ed,7.716,7.716,1.242,4.588
MgBr2,0.169,-1.363,3.570,No,p-6m2,MgBr2-bee1987fb4e6,6.502,6.502,1.233,3.570
MgCl2,0.000,-1.887,5.941,No,p-3m1,MgCl2-85b63b2e4472,9.599,9.599,1.860,5.941
MgCl2,0.190,-1.697,4.762,No,p-6m2,MgCl2-e73a5c5ae5ac,8.210,8.210,1.793,4.762
MgI2,0.001,-1.080,3.273,No,p-3m1,MgI2-440644551de5,5.744,6.060,1.098,3.602
MgI2,0.160,-0.921,2.566,No,p-6m2,MgI2-67bb6819958f,4.921,4.921,0.918,2.631
MnBr2,0.000,-0.783,1.477,Yes,p-3m1,MnBr2-2afc82f66833,3.797,3.977,0.109,1.695
MnBr2,0.129,-0.654,1.588,Yes,p-6m2,MnBr2-4d6ea02f2407,,,0.586,1.588
MnCl2,0.000,-1.060,1.797,Yes,p-3m1,MnCl2-81a2afdb71c1,5.398,5.564,0.064,1.887
MnCl2,0.136,-0.924,1.713,Yes,p-6m2,MnCl2-36192c4a6b20,,,0.589,1.713
MnI2,0.000,-0.419,0.877,Yes,p-3m1,MnI2-49cdfdc22d83,,,0.196,1.142
MnI2,0.135,-0.285,1.048,Yes,p-6m2,MnI2-2b7cf85310ef,,,0.555,1.293
MnO2,0.018,-1.642,1.132,Yes,p-3m1,MnO2-5cbde8fd417d,3.192,3.241,0.778,1.186
MoO2,0.028,-1.979,0.912,No,p-6m2,MoO2-152bd69757aa,2.317,2.834,0.788,1.691
MoS2,0.000,-0.921,1.580,No,p-6m2,MoS2-b3b4685fb6e1,2.533,2.533,0.547,1.580
MoSe2,0.000,-0.708,1.321,No,p-6m2,MoSe2-f61b14d398c7,2.119,2.119,0.500,1.321
MoTe2,0.000,-0.301,0.932,No,p-6m2,MoTe2-38a53176109a,1.563,1.563,0.455,0.932
NiBr2,0.000,-0.407,0.876,Yes,p-3m1,NiBr2-7b8108883def,2.611,2.613,2.414,1.034
NiCl2,0.000,-0.641,1.219,Yes,p-3m1,NiCl2-3ad667c285e2,3.413,3.414,3.350,1.403
NiO2,0.000,-0.709,1.281,No,p-3m1,NiO2-c444fe118e1b,2.346,2.521,1.212,1.485
NiS2,0.049,-0.252,0.583,No,p-3m1,NiS2-c07043374f26,1.868,2.145,0.450,0.943
OsBr2,0.402,0.354,1.157,No,p-3m1,OsBr2-a5ea024ddd2a,2.463,2.463,1.235,1.159
OsCl2,0.500,0.163,1.330,No,p-3m1,OsCl2-3ed14a37e3d3,2.881,2.881,1.473,1.337
OsI2,0.438,0.438,1.100,No,p-3m1,OsI2-1f04d0d433a3,2.235,2.235,0.869,1.100
AlAs,0.522,0.039,1.237,No,p-6m2,AlAs-814ae25a188e,2.986,3.829,0.966,2.144
AlN,0.512,-0.865,2.893,No,p-6m2,AlN-4fcd8dcb9c90,,,1.750,3.606
AlSb,0.475,0.297,1.507,No,p3m1,AlSb-1734deee2ac1,2.558,2.558,0.787,1.564
OsO2,0.348,-0.627,0.265,Yes,p-3m1,OsO2-c5cf01fee776,,,-0.001,0.306
GaAs,0.413,0.064,1.119,No,p3m1,AsGa-728f322893fe,2.490,2.552,0.398,1.119
InAs,0.400,0.145,0.691,No,p3m1,AsIn-c77a730c90f8,1.687,1.687,0.359,0.691
BN,0.000,-1.292,4.667,No,p-6m2,BN-4a5edc763604,7.117,7.738,2.001,4.667
BP,0.382,-0.029,0.898,No,p-6m2,BP-0a5e44762c75,1.802,1.802,0.494,0.898
BSb,0.806,0.806,0.314,No,p-6m2,BSb-71730c0eaab1,0.635,0.635,0.300,0.314
PbBr2,0.000,-0.965,2.004,No,p-3m1,PbBr2-0dc6977a707b,4.207,4.633,1.186,2.401
PbBr2,0.082,-0.883,2.275,No,p-6m2,PbBr2-cbdc15b42a05,4.436,4.638,1.561,2.591
PbCl2,0.010,-1.168,2.367,No,p-3m1,PbCl2-ec34fbc566ef,4.928,5.608,1.632,2.972
PbCl2,0.105,-1.073,2.775,No,p-6m2,PbCl2-b0b142073783,5.249,5.263,1.819,2.914
PbI2,0.000,-0.692,1.499,No,p-3m1,PbI2-82db29775962,3.224,3.481,0.748,1.735
PbI2,0.078,-0.614,1.577,No,p-6m2,PbI2-9e6494406d07,3.338,3.367,0.762,1.628
PbO2,0.094,-0.804,1.346,No,p-3m1,PbO2-e2a7fd3e05fc,2.995,3.199,1.194,1.621
GaN,0.416,-0.003,1.877,No,p-6m2,GaN-c973e283b023,4.465,5.019,1.121,2.365
GaP,0.447,0.053,1.583,No,p3m1,GaP-d467820f3f04,3.273,3.692,0.908,1.985
PbS2,0.374,-0.004,0.755,No,p-3m1,PbS2-b874a236aaca,1.763,1.946,0.817,0.918
PbS2,0.191,-0.187,1.390,No,p-6m2,PbS2-372c217dd52f,,,1.307,1.390
PbSe2,0.180,-0.209,1.027,No,p-6m2,PbSe2-0bc5d11454a7,,,1.157,1.027
PbSe2,0.347,-0.041,0.082,No,p-3m1,PbSe2-d0003c75d651,0.389,0.831,0.529,0.421
HgO,0.211,-0.145,0.302,No,p-6m2,HgO-a8678fa85c38,,,0.327,0.377
InN,0.482,0.482,0.616,No,p-6m2,InN-8cf70870bc5b,1.914,1.914,0.517,0.658
InP,0.432,0.187,1.099,No,p3m1,InP-c5672c6c1c78,2.300,2.470,0.476,1.225
InSb,0.379,0.238,0.475,No,p3m1,InSb-466fcf7fad66,1.307,1.307,0.298,0.475
PdBr2,0.148,-0.226,0.198,Yes,p-3m1,PdBr2-724e74d0941a,,,0.878,0.373
PdCl2,0.166,-0.350,0.463,Yes,p-3m1,PdCl2-e3731b3b3a79,2.512,2.700,1.559,0.639
PdO2,0.000,-0.399,1.379,No,p-3m1,PdO2-de604d79f9c3,2.903,3.298,1.278,1.784
PdS2,0.101,-0.196,1.171,No,p-3m1,PdS2-02762a09ebbf,2.441,2.613,0.593,1.353
PdSe2,0.026,-0.265,0.558,No,p-3m1,PdSe2-f7acacb69123,1.615,1.987,0.398,0.891
PdSe2,0.268,-0.023,0.229,No,p-6m2,PdSe2-0ae696751911,,,0.274,0.298
Ag2Br2,0.017,-0.331,1.834,No,p4/nmm,Ag2Br2-e5d5e94b098e,,,1.458,1.834
PtBr2,0.293,0.024,0.152,Yes,p-3m1,PtBr2-685abbcc5057,,,0.694,0.358
PtCl2,0.358,-0.067,0.403,Yes,p-3m1,PtCl2-fa8d38b71cd1,2.370,2.610,1.319,0.579
Ag2Cl2,0.048,-0.391,2.000,No,p4/nmm,Ag2Cl2-be4990592165,,,1.744,2.000
Ag2F2,0.101,-0.913,0.555,No,p4/nmm,Ag2F2-0556adc9bc7b,,,2.370,1.692
PtO2,0.006,-0.549,1.674,No,p-3m1,PtO2-6f43cd15097d,3.593,3.966,1.503,2.100
PtS2,0.000,-0.394,1.688,No,p-3m1,PtS2-77caffd1d3ed,2.945,3.108,0.714,1.771
Ag2I2,0.016,-0.253,1.874,No,p4/nmm,Ag2I2-d7506967a8d5,,,1.082,1.874
Ag2O2,0.058,-0.046,0.164,No,p2/m11,Ag2O2-520a721ec074,,,1.179,0.759
PtSe2,0.000,-0.413,1.167,No,p-3m1,PtSe2-d000f0288397,2.381,2.572,0.511,1.358
Ag2S2,0.120,0.063,0.962,No,p2/m11,Ag2S2-ca95bca41f95,,,1.187,1.355
PtTe2,0.027,-0.392,0.303,No,p-3m1,PtTe2-747f8e0087c0,1.242,1.854,0.347,0.794
Ag2Se2,0.089,0.022,0.750,No,p2/m11,Ag2Se2-248fffac5959,,,1.091,1.191
Ag2Te2,0.110,0.059,0.477,No,p2/m11,Ag2Te2-648de0a225fe,,,0.940,0.977
Al2O2,0.237,-2.258,1.315,No,p-6m2,Al2O2-bce0ccee4eca,2.568,2.766,0.787,1.528
Al2S2,0.006,-0.886,2.085,No,p-6m2,Al2S2-f9df9f4a5c34,3.774,4.388,1.330,2.728
Al2Se2,0.000,-0.717,1.997,No,p-6m2,Al2Se2-129a514b51ad,3.537,4.206,1.096,2.645
Al2Te2,0.000,-0.376,1.748,No,p-6m2,Al2Te2-e54041554385,3.016,3.672,0.799,2.345
RuBr2,0.187,-0.101,1.045,No,p-3m1,RuBr2-88699c6d39e3,2.403,2.403,1.353,1.050
RuBr2,0.558,0.270,0.278,Yes,p-6m2,RuBr2-77387040b6e7,,,0.321,0.332
RuCl2,0.206,-0.300,1.181,No,p-3m1,RuCl2-6be75763d9c1,2.624,2.624,1.663,1.184
RuCl2,0.565,0.058,0.463,Yes,p-6m2,RuCl2-5bd943a75688,1.291,1.396,0.407,0.504
RuI2,0.102,0.037,1.022,No,p-3m1,RuI2-9aaf5722abcc,1.988,1.988,0.994,1.022
Au2I2,0.163,0.065,0.781,No,p4/nmm,Au2I2-2a704c8deb56,,,0.692,0.781
Au2O2,0.007,-0.010,0.174,No,p2/m11,Au2O2-c99b8d2aa925,0.970,1.581,0.760,0.439
Au2S2,0.000,-0.091,1.216,No,p2/m11,Au2S2-8074370a0af2,,,1.039,1.605
Au2Se2,0.007,-0.116,0.956,No,p2/m11,Au2Se2-3a5cf30b34d6,,,0.965,1.439
Au2Te2,0.000,-0.105,0.618,No,p2/m11,Au2Te2-d57228736661,,,0.863,1.253
Au2Te2,0.139,0.034,0.037,No,p-6m2,Au2Te2-aafa8f843d5b,,,0.252,0.079
ScBr2,0.000,-1.588,0.157,Yes,p-6m2,ScBr2-78039e746a9a,,,0.780,0.826
ScCl2,0.009,-1.934,0.107,Yes,p-6m2,ScCl2-945f3bbaeedc,,,0.865,0.859
Bi2O2,0.319,-0.715,0.120,No,p-6m2,Bi2O2-53ac438f321b,1.186,1.747,0.608,0.592
ScO2,0.586,-2.427,1.464,Yes,p-6m2,ScO2-f4888020712e,4.421,4.638,3.810,1.658
ScS2,0.395,-1.234,0.718,Yes,p-6m2,ScS2-8cb59bd9248e,2.744,2.918,1.316,0.851
ScSe2,0.126,-1.126,0.560,Yes,p-6m2,ScSe2-b94c70080d61,,,1.057,0.682
Cs2Br2,0.138,-1.687,4.080,No,p4/nmm,Br2Cs2-a9677b59b7ce,,,1.638,4.080
Cu2Br2,0.030,-0.274,1.496,No,p4/nmm,Br2Cu2-c8531601b146,3.318,3.318,1.271,1.496
SnBr2,0.000,-0.797,2.097,No,p-3m1,SnBr2-a41087b2c98b,4.003,4.539,1.423,2.608
SnBr2,0.086,-0.712,2.499,No,p-6m2,SnBr2-8d365ca62c55,4.268,4.357,1.575,2.548
SnCl2,0.021,-0.991,2.324,No,p-3m1,SnCl2-b44ab946b72b,4.553,5.395,1.923,3.095
SnCl2,0.117,-0.895,2.745,No,p-6m2,SnCl2-514a8a12dca9,4.772,4.846,1.879,2.772
K2Br2,0.144,-1.647,4.374,No,p4/nmm,Br2K2-a110a9463b72,,,2.112,4.377
SnI2,0.000,-0.539,1.837,No,p-3m1,SnI2-bf884c9076a0,3.312,3.631,0.946,2.150
SnI2,0.085,-0.454,1.926,No,p-6m2,SnI2-d9c422656482,3.332,3.563,1.161,2.172
SnO2,0.151,-1.548,2.683,No,p-3m1,SnO2-9c24e87a3dde,5.444,6.013,1.823,3.239
SnO2,0.645,-1.054,0.665,No,p-6m2,SnO2-d5f47e5d4cf7,2.871,3.565,1.650,1.352
SnS2,0.000,-0.402,1.587,No,p-3m1,SnS2-42a44e4e7298,3.150,3.402,1.010,1.820
SnS2,0.286,-0.115,0.763,No,p-6m2,SnS2-8f2fa65321f0,2.288,2.479,1.141,1.078
SnSe2,0.000,-0.347,0.762,No,p-3m1,SnSe2-2c6d4c024ca0,1.912,2.283,0.712,1.092
SrBr2,0.017,-2.155,4.929,No,p-3m1,SrBr2-a17f01139eff,8.309,8.322,1.656,4.948
Rb2Br2,0.142,-1.646,4.180,No,p4/nmm,Br2Rb2-307d05b0f770,,,1.919,4.180
SrBr2,0.140,-2.033,4.313,No,p-6m2,SrBr2-2876a0cb2478,7.482,7.509,2.208,4.342
SrCl2,0.046,-2.468,5.738,No,p-3m1,SrCl2-67727fec854b,9.502,9.588,2.057,5.814
SrCl2,0.194,-2.320,4.944,No,p-6m2,SrCl2-77398c835c11,8.483,8.517,2.631,4.974
SrI2,0.000,-1.742,3.984,No,p-3m1,SrI2-7d9241a9f3b1,,,1.317,4.155
SrI2,0.096,-1.646,3.418,No,p-6m2,SrI2-6cfaae647808,6.198,6.310,1.691,3.517
